{
  "reproducibility": {
    "random_state_pca": 42
  },
  "feature_counts": {
    "original": 561,
    "pca_95_variance": 102
  },
  "knn_without_pca": {
    "train_time_sec": 0.052627522999955545,
    "predict_time_sec": 1.1471982709999793,
    "metrics": {
      "accuracy": 0.8802171700033933,
      "precision_weighted": 0.8883308405584459,
      "recall_weighted": 0.8802171700033933,
      "f1_weighted": 0.8790250719611123,
      "labels": [
        1,
        2,
        3,
        4,
        5,
        6
      ]
    },
    "confusion_matrix": [
      [
        483,
        4,
        9,
        0,
        0,
        0
      ],
      [
        43,
        425,
        3,
        0,
        0,
        0
      ],
      [
        61,
        54,
        305,
        0,
        0,
        0
      ],
      [
        0,
        2,
        0,
        373,
        114,
        2
      ],
      [
        0,
        0,
        0,
        35,
        497,
        0
      ],
      [
        0,
        0,
        0,
        15,
        11,
        511
      ]
    ],
    "labels": [
      1,
      2,
      3,
      4,
      5,
      6
    ]
  },
  "knn_with_pca_95": {
    "train_time_sec": 0.009742145000018354,
    "predict_time_sec": 0.3346669989999782,
    "metrics": {
      "accuracy": 0.8744485917882593,
      "precision_weighted": 0.8828746436433064,
      "recall_weighted": 0.8744485917882593,
      "f1_weighted": 0.8736526709149911,
      "labels": [
        1,
        2,
        3,
        4,
        5,
        6
      ]
    },
    "confusion_matrix": [
      [
        481,
        6,
        9,
        0,
        0,
        0
      ],
      [
        50,
        417,
        4,
        0,
        0,
        0
      ],
      [
        55,
        51,
        314,
        0,
        0,
        0
      ],
      [
        0,
        1,
        0,
        365,
        123,
        2
      ],
      [
        0,
        0,
        0,
        35,
        497,
        0
      ],
      [
        0,
        0,
        0,
        22,
        12,
        503
      ]
    ],
    "labels": [
      1,
      2,
      3,
      4,
      5,
      6
    ]
  }
}